province_id,province_name,lat,lng
ON,Ontario,43.7417,-79.3733
QC,Quebec,45.5089,-73.5617
BC,British Columbia,49.25,-123.1
AB,Alberta,51.05,-114.0667
AB,Alberta,53.5344,-113.4903
ON,Ontario,45.4247,-75.695
ON,Ontario,43.6,-79.65
MB,Manitoba,49.8844,-97.1464
QC,Quebec,46.8139,-71.2081
ON,Ontario,43.2567,-79.8692
ON,Ontario,43.6833,-79.7667
BC,British Columbia,49.19,-122.8489
ON,Ontario,43.4186,-80.4728
QC,Quebec,45.5833,-73.75
NS,Nova Scotia,44.6475,-63.5906
ON,Ontario,42.9836,-81.2497
BC,British Columbia,48.4283,-123.3647
ON,Ontario,43.8767,-79.2633
ON,Ontario,43.1833,-79.2333
ON,Ontario,43.06,-79.1067
ON,Ontario,43.8333,-79.5
QC,Quebec,45.4833,-75.65
ON,Ontario,42.2833,-83
SK,Saskatchewan,52.1333,-106.6833
QC,Quebec,45.5333,-73.5167
BC,British Columbia,49.2667,-122.9667
SK,Saskatchewan,50.4547,-104.6067
BC,British Columbia,49.1667,-123.1333
ON,Ontario,43.8667,-79.4333
ON,Ontario,43.45,-79.6833
ON,Ontario,43.3167,-79.8
ON,Ontario,44.3711,-79.6769
ON,Ontario,43.9,-78.85
QC,Quebec,45.4,-71.9
QC,Quebec,48.4167,-71.0667
QC,Quebec,46.8,-71.1833
BC,British Columbia,49.8881,-119.4956
BC,British Columbia,49.05,-122.3167
BC,British Columbia,49.2839,-122.7919
QC,Quebec,46.35,-72.55
ON,Ontario,43.55,-80.25
ON,Ontario,43.3972,-80.3114
ON,Ontario,43.8833,-78.9417
ON,Ontario,43.8583,-79.0364
BC,British Columbia,49.1044,-122.5827
BC,British Columbia,48.484,-123.381
QC,Quebec,45.7,-73.6333
ON,Ontario,43.5083,-79.8833
NL,Newfoundland and Labrador,47.4817,-52.7971
NB,New Brunswick,46.1328,-64.7714
ON,Ontario,48.3822,-89.2461
NB,New Brunswick,46.0989,-64.7242
ON,Ontario,43.4667,-80.5167
BC,British Columbia,49.0847,-123.0586
ON,Ontario,42.4229,-82.1324
AB,Alberta,52.2681,-113.8111
BC,British Columbia,50.6761,-120.3408
ON,Ontario,43.1667,-80.25
NS,Nova Scotia,46.1389,-60.1931
AB,Alberta,49.6942,-112.8328
QC,Quebec,45.3167,-73.2667
ON,Ontario,43.935,-78.6083
ON,Ontario,43.8354,-79.089
BC,British Columbia,49.1642,-123.9364
ON,Ontario,46.49,-81.01
BC,British Columbia,49.3641,-123.0066
QC,Quebec,45.4667,-73.45
QC,Quebec,45.7333,-73.4667
ON,Ontario,44.05,-79.4667
BC,British Columbia,49.1577,-121.9509
BC,British Columbia,49.025,-122.8028
BC,British Columbia,49.2167,-122.6
ON,Ontario,44.3,-78.3167
ON,Ontario,44.35,-78.75
BC,British Columbia,53.9169,-122.7494
ON,Ontario,46.5333,-84.35
ON,Ontario,42.9994,-82.3089
AB,Alberta,57.6042,-111.3284
BC,British Columbia,49.2069,-122.9111
QC,Quebec,45.38,-73.75
QC,Quebec,45.7833,-74
QC,Quebec,45.8833,-72.4833
NB,New Brunswick,45.2806,-66.0761
ON,Ontario,43.8667,-79.8667
AB,Alberta,53.6303,-113.6258
QC,Quebec,45.4,-72.7333
AB,Alberta,50.0417,-110.6775
AB,Alberta,55.1708,-118.7947
ON,Ontario,42.775,-81.1833
AB,Alberta,51.2917,-114.0144
ON,Ontario,43.63,-79.95
QC,Quebec,45.6167,-72.95
QC,Quebec,45.2167,-72.5167
BC,British Columbia,49.2625,-122.7811
NB,New Brunswick,45.9636,-66.6431
QC,Quebec,45.67,-73.88
ON,Ontario,44,-79.4667
ON,Ontario,42.9833,-79.2333
ON,Ontario,46.3,-79.45
QC,Quebec,45.5667,-73.2
ON,Ontario,44.1667,-77.3833
QC,Quebec,45.65,-74.0833
QC,Quebec,46.5667,-72.75
QC,Quebec,45.4833,-73.8167
MB,Manitoba,49.8483,-99.95
QC,Quebec,48.45,-68.53
ON,Ontario,45.0275,-74.74
ON,Ontario,43.9667,-79.25
ON,Ontario,44.3,-79.4333
QC,Quebec,46.05,-71.9667
BC,British Columbia,50.267,-119.272
BC,British Columbia,48.7787,-123.7079
QC,Quebec,45.57,-73.9
ON,Ontario,44.1833,-77.5667
PE,Prince Edward Island,46.2403,-63.1347
QC,Quebec,45.75,-73.6
BC,British Columbia,49.3667,-123.1667
QC,Quebec,45.25,-74.13
QC,Quebec,48.2333,-79.0167
ON,Ontario,48.4667,-81.3333
QC,Quebec,46.0333,-73.1167
ON,Ontario,44.0833,-79.75
ON,Ontario,43.1306,-80.7467
QC,Quebec,45.6,-73.45
BC,British Columbia,49.1337,-122.3112
QC,Quebec,45.4,-74.0333
ON,Ontario,43.1167,-80.3667
ON,Ontario,42.2399,-82.6511
ON,Ontario,44.3,-79.5833
SK,Saskatchewan,53.2,-105.75
BC,British Columbia,48.4506,-123.5058
ON,Ontario,44.1333,-79.6333
BC,British Columbia,50.0244,-125.2475
AB,Alberta,53.545,-113.9008
SK,Saskatchewan,50.3933,-105.5519
BC,British Columbia,49.4911,-119.5886
BC,British Columbia,49.2831,-122.8317
ON,Ontario,42.0667,-82.5833
BC,British Columbia,49.8625,-119.5833
QC,Quebec,45.4687,-73.6673
QC,Quebec,48.1,-77.7833
ON,Ontario,44.5667,-80.9333
ON,Ontario,43.3708,-80.9819
SK,Saskatchewan,53.2783,-110.005
QC,Quebec,45.45,-73.8167
ON,Ontario,44.6,-79.4167
QC,Quebec,48.55,-71.65
ON,Ontario,43.9167,-80.1167
ON,Ontario,42.9167,-79.0167
ON,Ontario,42.2167,-83.0667
QC,Quebec,45.5833,-73.3333
AB,Alberta,53.2594,-113.5492
BC,British Columbia,48.8236,-123.7192
QC,Quebec,45.4311,-73.2873
AB,Alberta,50.725,-113.975
QC,Quebec,50.2167,-66.3833
ON,Ontario,43.7,-80.3667
QC,Quebec,45.37,-73.57
ON,Ontario,43.2,-79.55
QC,Quebec,45.62,-73.83
NL,Newfoundland and Labrador,47.5167,-52.9833
QC,Quebec,45.5333,-73.35
QC,Quebec,45.6333,-73.85
AB,Alberta,51.189,-114.467
QC,Quebec,46.1,-71.3
BC,British Columbia,49.6878,-124.9944
QC,Quebec,45.2667,-72.15
YT,Yukon,60.7029,-135.0691
ON,Ontario,43.5667,-80.4833
ON,Ontario,45.4833,-75.2
AB,Alberta,53.7128,-113.2133
ON,Ontario,44.1333,-79.4167
ON,Ontario,43.13,-79.43
QC,Quebec,45.42,-73.5
ON,Ontario,42.2431,-82.9256
NL,Newfoundland and Labrador,47.5189,-52.8058
ON,Ontario,42.1,-83.0833
QC,Quebec,45.5,-73.5167
ON,Ontario,44.5833,-75.6833
ON,Ontario,44.5,-80.2167
ON,Ontario,44.09,-78.936
ON,Ontario,42.1,-82.7167
QC,Quebec,49.2167,-68.15
NL,Newfoundland and Labrador,47.5333,-52.8667
ON,Ontario,44.1167,-79.1333
ON,Ontario,44.25,-79.7833
QC,Quebec,45.38,-73.52
ON,Ontario,44.5667,-79.5833
QC,Quebec,45.6833,-73.4333
ON,Ontario,42.9575,-81.6167
ON,Ontario,44.5206,-80.0167
NS,Nova Scotia,45.5926,-62.6455
ON,Ontario,43.4,-80.65
ON,Ontario,42.0833,-82.9
BC,British Columbia,56.2465,-120.8476
QC,Quebec,45.45,-73.8667
QC,Quebec,45.8333,-73.4167
QC,Quebec,45.4833,-73.6
QC,Quebec,45.4,-74.1333
AB,Alberta,51.05,-113.8225
ON,Ontario,45.3333,-79.2167
NL,Newfoundland and Labrador,48.9287,-57.926
NB,New Brunswick,46.0613,-64.8052
AB,Alberta,53.2807,-110.035
QC,Quebec,46.0167,-73.45
NT,Northwest Territories,62.4709,-114.4053
BC,British Columbia,49.7017,-123.1589
QC,Quebec,45.5161,-73.6431
QC,Quebec,47.8333,-69.5333
ON,Ontario,43.9667,-78.1667
BC,British Columbia,49.5097,-115.7667
QC,Quebec,45.4333,-73.8667
ON,Ontario,44.4333,-79.7333
QC,Quebec,45.45,-73.75
ON,Ontario,43.1167,-79.2
AB,Alberta,53.0167,-112.8333
ON,Ontario,44.5081,-76.4939
BC,British Columbia,49.2333,-122.6833
ON,Ontario,42.8833,-79.25
NB,New Brunswick,45.4322,-65.9462
QC,Quebec,45.5622,-73.1917
NB,New Brunswick,47.62,-65.65
QC,Quebec,46.7333,-71.4667
BC,British Columbia,48.4264,-123.3228
QC,Quebec,45.53,-73.93
BC,British Columbia,50.7022,-119.2722
BC,British Columbia,49.2339,-124.805
BC,British Columbia,48.4306,-123.4147
QC,Quebec,45.5333,-73.8833
NB,New Brunswick,47.0196,-65.5072
ON,Ontario,43.2553,-79.0717
QC,Quebec,45.85,-73.7667
AB,Alberta,53.3572,-113.4147
ON,Ontario,43.05,-81.45
NS,Nova Scotia,46.2,-61.1
AB,Alberta,53.5264,-114.0069
ON,Ontario,45.9,-77.2833
ON,Ontario,43.0333,-79.3333
ON,Ontario,44.4167,-78.3333
ON,Ontario,44.25,-76.75
ON,Ontario,44.75,-79.8833
BC,British Columbia,48.4236,-123.4958
BC,British Columbia,48.5142,-123.3839
QC,Quebec,45.4,-73.58
ON,Ontario,43.95,-78.3
QC,Quebec,46.8,-71.35
QC,Quebec,45.5333,-73.2833
SK,Saskatchewan,50.2881,-107.7939
NB,New Brunswick,47.3765,-68.3253
ON,Ontario,45.2569,-75.3583
ON,Ontario,44.9667,-75.65
SK,Saskatchewan,51.2139,-102.4628
NB,New Brunswick,47.5124,-64.9101
ON,Ontario,45.0333,-79.3
ON,Ontario,44.25,-76.95
ON,Ontario,42.8667,-80.7333
MB,Manitoba,49.5258,-96.6839
MB,Manitoba,49.4433,-96.8492
BC,British Columbia,54.5164,-128.5997
MB,Manitoba,49.9292,-96.6939
QC,Quebec,48.8333,-64.4833
ON,Ontario,49.7667,-94.4833
AB,Alberta,54.4642,-110.1825
PE,Prince Edward Island,46.4,-63.7833
BC,British Columbia,49.6733,-124.9022
AB,Alberta,52.3083,-114.0964
QC,Quebec,45.3833,-73.9833
ON,Ontario,43.0667,-79.5667
QC,Quebec,48.85,-67.5333
AB,Alberta,50.5642,-111.8989
QC,Quebec,45.7617,-73.8204
ON,Ontario,46.3667,-79.9167
QC,Quebec,45.6369,-73.8
QC,Quebec,48.8229,-72.2154
NL,Newfoundland and Labrador,48.9578,-55.6633
ON,Ontario,44.3981,-80.0742
ON,Ontario,42.7833,-82.35
AB,Alberta,51.089,-115.359
SK,Saskatchewan,52.7575,-108.2861
ON,Ontario,45.8167,-77.1
QC,Quebec,46.55,-75.5
AB,Alberta,51.0378,-113.4003
ON,Ontario,44.4333,-81.3667
MB,Manitoba,55.7433,-97.8553
QC,Quebec,45.8833,-73.2833
AB,Alberta,50.5808,-113.8744
ON,Ontario,44.75,-79.5167
QC,Quebec,45.82,-73.9
QC,Quebec,46.05,-73.4667
MB,Manitoba,49.9728,-98.2919
ON,Ontario,43.03,-81.08
ON,Ontario,45.2167,-76.2
BC,British Columbia,49.8353,-124.5247
ON,Ontario,45.2,-74.5833
ON,Ontario,43.73,-80.95
QC,Quebec,45.32,-73.75
ON,Ontario,45.0833,-74.9667
QC,Quebec,45.73,-74.13
AB,Alberta,52.4683,-113.7369
BC,British Columbia,48.3761,-123.7378
BC,British Columbia,55.7606,-120.2356
BC,British Columbia,50.0833,-119.4142
ON,Ontario,44.3142,-77.8514
QC,Quebec,46.45,-71.0333
ON,Ontario,43.63,-80.22
NS,Nova Scotia,45.3647,-63.28
QC,Quebec,48.5667,-78.1167
ON,Ontario,45.35,-75.0333
ON,Ontario,43.0392,-80.8836
MB,Manitoba,49.1817,-97.9397
AB,Alberta,52.9694,-113.3769
ON,Ontario,42.7667,-81.1
QC,Quebec,45.65,-74.3333
ON,Ontario,44.1833,-80.8167
BC,British Columbia,49.315,-124.312
QC,Quebec,45.2,-72.75
QC,Quebec,46.3333,-72.4333
ON,Ontario,44.9167,-79.3667
ON,Ontario,43.47,-80.95
BC,British Columbia,54.3122,-130.3271
QC,Quebec,45.87,-74.08
QC,Quebec,45.95,-74.13
NS,Nova Scotia,45.0775,-64.4958
QC,Quebec,45.32,-73.87
QC,Quebec,47.3833,-61.8667
ON,Ontario,43.9,-80.57
MB,Manitoba,50.27,-96.9747
ON,Ontario,45.1333,-76.1333
BC,British Columbia,50.1208,-122.9544
ON,Ontario,44.1222,-77.7642
ON,Ontario,44.6833,-79.95
NL,Newfoundland and Labrador,48.9569,-54.6089
BC,British Columbia,48.6506,-123.3986
NB,New Brunswick,45.3831,-65.9969
ON,Ontario,44.3167,-79.0833
BC,British Columbia,49.6006,-119.6778
QC,Quebec,45.65,-75.6667
MB,Manitoba,49.7081,-96.6736
QC,Quebec,46.9833,-70.55
ON,Ontario,43.7667,-80.0667
ON,Ontario,44.1667,-81.6333
ON,Ontario,45.0833,-75.35
ON,Ontario,43.55,-80.7167
SK,Saskatchewan,49.1392,-102.9861
BC,British Columbia,48.6142,-123.42
SK,Saskatchewan,52.3219,-106.5842
QC,Quebec,48.0652,-74.0528
ON,Ontario,42.9833,-80.6
ON,Ontario,44.58,-80.73
ON,Ontario,44.1333,-79.9333
ON,Ontario,44.054,-78.2164
MB,Manitoba,50.2689,-96.6742
QC,Quebec,45.65,-73.3
SK,Saskatchewan,49.6611,-103.8525
ON,Ontario,44.9167,-75.2667
QC,Quebec,45.3833,-73.95
QC,Quebec,45.3667,-73.9333
BC,British Columbia,52.1294,-122.1383
ON,Ontario,46.3833,-82.65
QC,Quebec,45.5667,-75.7833
BC,British Columbia,49.5,-117.2833
ON,Ontario,43.1833,-81.9
ON,Ontario,43.7358,-80.6681
ON,Ontario,44.65,-81.0333
QC,Quebec,46.05,-73.7167
NB,New Brunswick,48.005,-66.6731
BC,British Columbia,48.4517,-123.4339
BC,British Columbia,50.22,-119.2481
NS,Nova Scotia,44.65,-64.3
NS,Nova Scotia,44.0333,-64.7167
MB,Manitoba,50.1436,-96.8839
QC,Quebec,48.65,-72.45
ON,Ontario,45.6,-74.6
QC,Quebec,48.52,-72.23
QC,Quebec,46.05,-74.28
ON,Ontario,43.32,-80.38
ON,Ontario,44.6667,-76.2167
BC,British Columbia,49.4742,-123.7542
ON,Ontario,45.3333,-74.7333
ON,Ontario,43.32,-81.5
QC,Quebec,45.4333,-73.1667
ON,Ontario,44.7167,-79.7667
ON,Ontario,47.5167,-79.6833
AB,Alberta,53.4114,-117.5639
QC,Quebec,45.9,-74.17
BC,British Columbia,52.9784,-122.4927
ON,Ontario,44.7,-75.8833
AB,Alberta,53.8022,-113.6497
ON,Ontario,44.3333,-80.5
PE,Prince Edward Island,46.2167,-63.0893
ON,Ontario,45.5667,-74.9167
QC,Quebec,46.1167,-74.6
SK,Saskatchewan,52.2897,-106.6667
QC,Quebec,46.9,-71.8333
NS,Nova Scotia,45.8167,-64.2167
ON,Ontario,44.6333,-79.2167
QC,Quebec,45.6667,-73.75
ON,Ontario,44.45,-76.08
QC,Quebec,45.45,-73.3
ON,Ontario,44.1667,-81.2167
ON,Ontario,45.7681,-77.2239
MB,Manitoba,49.9772,-97.0103
QC,Quebec,45.6833,-73.7833
QC,Quebec,45.97,-73.72
AB,Alberta,52.3833,-113.8
ON,Ontario,42.7928,-80.9361
NB,New Brunswick,45.8488,-66.4788
AB,Alberta,51.7928,-114.1067
ON,Ontario,43.63,-81.28
MB,Manitoba,49.1331,-98.0656
ON,Ontario,44.7667,-79.9333
BC,British Columbia,49.35,-124.4333
QC,Quebec,46.05,-73.4333
ON,Ontario,43.47,-81.2
ON,Ontario,44.2,-78.4667
ON,Ontario,45.4333,-76.35
ON,Ontario,44.9,-76.0167
QC,Quebec,46.75,-71.7
ON,Ontario,45.5333,-74.65
QC,Quebec,45.1333,-71.8
ON,Ontario,43.9167,-80.8667
MB,Manitoba,49.1919,-98.1006
ON,Ontario,44.0167,-80.0667
SK,Saskatchewan,52.2291,-106.8002
BC,British Columbia,48.9975,-123.8203
NS,Nova Scotia,44.37,-64.52
MB,Manitoba,51.1992,-100.0633
QC,Quebec,45.5333,-73.2167
AB,Alberta,49.7847,-112.1508
ON,Ontario,44.7333,-81.2
AB,Alberta,53.5817,-116.4344
QC,Quebec,45.2833,-72.9833
ON,Ontario,49.4167,-82.4333
QC,Quebec,47.65,-70.15
ON,Ontario,45.4717,-76.6831
AB,Alberta,49.7333,-112.6167
NL,Newfoundland and Labrador,47.6272,-52.8506
ON,Ontario,43.15,-80.95
BC,British Columbia,54,-128.7
ON,Ontario,44.0833,-80.2
NL,Newfoundland and Labrador,53.3396,-60.4467
QC,Quebec,45.93,-74.02
BC,British Columbia,49.3256,-117.6661
NS,Nova Scotia,44.3333,-66.1167
AB,Alberta,51.4636,-112.7194
ON,Ontario,48.15,-80.0333
NS,Nova Scotia,43.8,-65.85
NL,Newfoundland and Labrador,47.65,-52.7333
QC,Quebec,45.6833,-75.9833
AB,Alberta,51.1781,-115.5719
AB,Alberta,52.0333,-113.95
QC,Quebec,46.2167,-72.6167
MB,Manitoba,50.2856,-97.2869
ON,Ontario,44.9667,-76.2
ON,Ontario,49.7833,-92.8333
NU,Nunavut,63.7598,-68.5107
ON,Ontario,48.6167,-93.4
QC,Quebec,48.8,-79.2
BC,British Columbia,49.095,-117.71
QC,Quebec,48.35,-64.6833
ON,Ontario,44.45,-76.9167
ON,Ontario,44.15,-81.0333
ON,Ontario,42.95,-80.8
QC,Quebec,45.65,-72.5667
QC,Quebec,45.3167,-72.65
ON,Ontario,45.0833,-76.0667
ON,Ontario,43.7333,-81.7
ON,Ontario,43.0167,-82.0833
ON,Ontario,43.63,-81.57
QC,Quebec,45.4833,-74.3
QC,Quebec,46.25,-72.95
QC,Quebec,49.9167,-74.3667
ON,Ontario,42.7667,-80.9833
QC,Quebec,45.37,-73.55
BC,British Columbia,49.6697,-115.9775
ON,Ontario,43.2333,-80.6
ON,Ontario,42.7333,-80.7833
ON,Ontario,44.7511,-75.6003
ON,Ontario,43.45,-80.1667
QC,Quebec,46.9667,-71.3
QC,Quebec,45.2667,-73.6167
ON,Ontario,43.2583,-81.1333
AB,Alberta,53.2222,-114.9769
AB,Alberta,52.6833,-113.5667
NL,Newfoundland and Labrador,52.95,-66.9167
QC,Quebec,46.6747,-71.7294
ON,Ontario,44.1,-80.5833
ON,Ontario,45.45,-76.5
MB,Manitoba,49.6725,-97.4472
QC,Quebec,45.4833,-73.6333
QC,Quebec,47.45,-70.5
BC,British Columbia,50.1128,-120.7897
ON,Ontario,43.45,-81.6
ON,Ontario,43.2333,-80.7833
QC,Quebec,45.6703,-74.4467
QC,Quebec,47.1667,-71.4333
QC,Quebec,45.7667,-71.9333
ON,Ontario,44.05,-81.5333
QC,Quebec,45.3,-74.18
ON,Ontario,44.4833,-80.3833
ON,Ontario,45.7167,-76.8333
ON,Ontario,44.8333,-75.5
QC,Quebec,49.1333,-66.5
QC,Quebec,45.5,-75.7833
ON,Ontario,45.2167,-75
ON,Ontario,44.0833,-78.0333
AB,Alberta,56.2339,-117.2897
ON,Ontario,44.4,-81.2
QC,Quebec,45.25,-74.25
QC,Quebec,45.35,-72.5667
ON,Ontario,44.45,-78.1
QC,Quebec,46.2167,-71.7833
MB,Manitoba,49.6647,-97.1167
ON,Ontario,44.2333,-78.2333
NB,New Brunswick,46.2167,-64.5333
AB,Alberta,55.2853,-114.7706
QC,Quebec,50.0333,-66.8667
QC,Quebec,46.5865,-71.2271
NS,Nova Scotia,43.5646,-65.5639
AB,Alberta,52.3753,-114.9217
ON,Ontario,44.38,-80.87
NL,Newfoundland and Labrador,48.55,-58.5667
ON,Ontario,45.1264,-79.558
AB,Alberta,53.3633,-113.7322
NS,Nova Scotia,43.8361,-66.1175
QC,Quebec,46.9,-71.15
ON,Ontario,45.3333,-80.0333
QC,Quebec,45.5,-73.97
NB,New Brunswick,46.1726,-64.3122
ON,Ontario,42.925,-79.375
ON,Ontario,44.0833,-77.8833
QC,Quebec,46.2,-70.7833
ON,Ontario,43.15,-81.6333
QC,Quebec,48.4667,-67.4333
QC,Quebec,46.85,-71.6167
NL,Newfoundland and Labrador,48.1566,-53.965
QC,Quebec,48.58,-68.18
ON,Ontario,45.2042,-78.4047
AB,Alberta,52.8333,-110.8667
QC,Quebec,45.85,-73.2333
NB,New Brunswick,47.7181,-65.8794
QC,Quebec,45.5333,-74
BC,British Columbia,49.3858,-121.4419
MB,Manitoba,50.6619,-97.0297
NB,New Brunswick,46.2819,-66.942
QC,Quebec,46.6167,-71.5167
ON,Ontario,44.9333,-78.7333
QC,Quebec,45.3,-74.05
MB,Manitoba,49.3994,-96.5103
BC,British Columbia,49.2833,-121.75
ON,Ontario,44.6,-77.3333
QC,Quebec,46.17,-73.43
NL,Newfoundland and Labrador,47.5847,-53.2783
SK,Saskatchewan,52.8564,-104.61
AB,Alberta,54.2667,-110.75
AB,Alberta,52.3236,-112.7192
QC,Quebec,45.95,-73.85
QC,Quebec,45.5833,-70.8833
ON,Ontario,44.9,-76.25
ON,Ontario,48.39,-89.52
SK,Saskatchewan,52.2019,-105.1231
QC,Quebec,45.7167,-73.4833
QC,Quebec,45.5833,-76.1333
AB,Alberta,53.9928,-111.2972
ON,Ontario,42.8833,-82.1417
ON,Ontario,42.75,-81.7
ON,Ontario,44.5333,-75.8667
AB,Alberta,53.4928,-112.0522
QC,Quebec,47,-71.2
QC,Quebec,46.1667,-71.8833
QC,Quebec,45.7833,-73.35
MB,Manitoba,53.825,-101.2533
QC,Quebec,45.4167,-73
SK,Saskatchewan,55.1,-105.3
ON,Ontario,44.8667,-76.3833
ON,Ontario,44.0333,-81.2
QC,Quebec,45.55,-73.2333
AB,Alberta,50.0792,-110.7783
AB,Alberta,49.5955,-114.5136
QC,Quebec,45.35,-73.47
QC,Quebec,45.45,-73.25
QC,Quebec,46.4833,-72.65
QC,Quebec,45.5833,-75.45
QC,Quebec,45.25,-73.8
QC,Quebec,45.5,-72.9
BC,British Columbia,49.7736,-119.7369
ON,Ontario,43.8667,-81.6
ON,Ontario,44.6667,-78.4333
BC,British Columbia,59,-123.75
QC,Quebec,45.3729,-71.672
MB,Manitoba,50.0119,-97.115
QC,Quebec,45.5667,-72
QC,Quebec,45.85,-73.4833
BC,British Columbia,49.09,-116.51
BC,British Columbia,54.7819,-127.1681
PE,Prince Edward Island,46.2407,-63.2009
SK,Saskatchewan,54.1242,-108.4358
ON,Ontario,45.088,-76.517
NB,New Brunswick,45.9,-64.3667
NB,New Brunswick,47.0344,-67.7394
ON,Ontario,49.0667,-81.0167
NL,Newfoundland and Labrador,47.1667,-55.1667
ON,Ontario,50.1,-91.9167
AB,Alberta,51.6658,-114.1311
QC,Quebec,48.5333,-71.0833
BC,British Columbia,49.5042,-115.0628
NL,Newfoundland and Labrador,49.1744,-57.4269
NB,New Brunswick,46.1522,-67.5983
QC,Quebec,46.03,-74.22
SK,Saskatchewan,54.7667,-101.8778
QC,Quebec,45.45,-74.15
ON,Ontario,44.33,-76.17
MB,Manitoba,50.1428,-96.5319
QC,Quebec,45.9833,-73.45
NB,New Brunswick,45.8009,-66.4066
BC,British Columbia,50.4462,-119.2121
AB,Alberta,54.1522,-113.8511
QC,Quebec,47.68,-68.88
QC,Quebec,46.8833,-71.5167
BC,British Columbia,49.0325,-119.4661
QC,Quebec,45.4536,-73.6472
ON,Ontario,49.6869,-83.6544
QC,Quebec,46.7,-71.0667
MB,Manitoba,49.6186,-96.5708
NS,Nova Scotia,45.6167,-61.9833
ON,Ontario,46.25,-81.7667
ON,Ontario,42.5833,-81.6667
MB,Manitoba,54.7712,-101.8419
NB,New Brunswick,45.3608,-66.2415
QC,Quebec,45.4039,-73.9525
ON,Ontario,43.83,-81.42
BC,British Columbia,49.1844,-119.55
QC,Quebec,45.85,-73.6
ON,Ontario,44.3667,-77.5917
QC,Quebec,53.6645,-78.7938
NL,Newfoundland and Labrador,47.7375,-53.2294
NB,New Brunswick,46.1748,-66.4897
QC,Quebec,46.17,-73.92
BC,British Columbia,50.4483,-119.1961
MB,Manitoba,50.1344,-97.3261
NB,New Brunswick,47.8557,-64.6012
QC,Quebec,45.9667,-73.2167
NB,New Brunswick,46,-64.55
ON,Ontario,44.4167,-77.4417
QC,Quebec,45.95,-71.9833
ON,Ontario,46.2667,-79.3
NB,New Brunswick,45.8681,-66.7947
QC,Quebec,46.3,-70.8833
BC,British Columbia,48.3819,-123.5378
ON,Ontario,43.2,-81.3833
QC,Quebec,46.4167,-74.8667
ON,Ontario,50,-86.7333
QC,Quebec,45.4667,-73.2667
MB,Manitoba,50.2289,-99.4656
BC,British Columbia,49.4028,-123.5036
SK,Saskatchewan,51.4678,-109.1567
AB,Alberta,52.9013,-118.1312
AB,Alberta,54.1167,-114.4
QC,Quebec,45.28,-74.23
SK,Saskatchewan,50.9306,-102.8078
QC,Quebec,45.8333,-72.5667
ON,Ontario,48.7667,-80.6667
ON,Ontario,44.5667,-77.9
MB,Manitoba,49.7981,-99.8481
QC,Quebec,46.5,-72.8167
SK,Saskatchewan,50.5166,-104.3451
NB,New Brunswick,46.0003,-64.8859
BC,British Columbia,54.0143,-124.0089
ON,Ontario,42.75,-81.3167
NL,Newfoundland and Labrador,47.4517,-52.7647
NB,New Brunswick,45.2,-67.2833
QC,Quebec,45.35,-72.5167
SK,Saskatchewan,53.3572,-104.0192
QC,Quebec,46.7,-71.5833
QC,Quebec,45.9333,-72.4333
ON,Ontario,44.7167,-76.8
QC,Quebec,45.3661,-72.1838
QC,Quebec,46.23,-73.53
ON,Ontario,45.2882,-79.8116
ON,Ontario,44.3,-77.2
NB,New Brunswick,45.533,-65.833
NB,New Brunswick,45.7167,-65.5167
BC,British Columbia,49.0333,-118.44
QC,Quebec,47.3667,-70.0333
NB,New Brunswick,47.7853,-64.9592
QC,Quebec,46.4333,-72.7667
MB,Manitoba,49.1044,-97.5625
NS,Nova Scotia,45.5567,-62.66
NS,Nova Scotia,45.0833,-64.3667
NB,New Brunswick,45.8911,-66.6847
BC,British Columbia,50.7225,-127.4928
QC,Quebec,46.3167,-74.2167
QC,Quebec,46.9667,-71.0167
ON,Ontario,45.5,-77.6667
ON,Ontario,46.1,-77.4917
ON,Ontario,44.3531,-78.0183
ON,Ontario,51.0333,-93.8333
QC,Quebec,48.4333,-71.8667
QC,Quebec,46.0833,-73.1833
AB,Alberta,53.3542,-110.8528
MB,Manitoba,49.6056,-97.0417
ON,Ontario,45.2333,-77.9333
AB,Alberta,51.5619,-114.0953
QC,Quebec,45.7833,-72.0167
NL,Newfoundland and Labrador,47.5694,-59.1361
SK,Saskatchewan,52.7383,-108.3153
QC,Quebec,46.4,-70.5
QC,Quebec,47.7667,-69.4833
QC,Quebec,45.95,-73.5667
MB,Manitoba,52.1058,-101.2667
QC,Quebec,45.091,-72.5792
ON,Ontario,45.08,-81.38
QC,Quebec,47.1,-70.35
QC,Quebec,48.1,-66.1333
QC,Quebec,45.47,-74.08
ON,Ontario,44.7167,-75.5167
ON,Ontario,43.9833,-80.2333
ON,Ontario,44.6425,-77.7372
QC,Quebec,46.375,-75.9667
QC,Quebec,45.9,-74.25
NB,New Brunswick,46.3155,-64.6947
QC,Quebec,45.1833,-73.4
QC,Quebec,45.9667,-73.4667
ON,Ontario,45.05,-77.85
QC,Quebec,46.7333,-72.5667
ON,Ontario,43.9,-81.07
ON,Ontario,42.6667,-81.5
ON,Ontario,46.1781,-79.4125
NB,New Brunswick,45.3145,-65.803
QC,Quebec,45.4167,-73.9167
QC,Quebec,48.1667,-65.8667
ON,Ontario,43.3,-81.15
QC,Quebec,45.4833,-72.6667
BC,British Columbia,49.7331,-114.8853
AB,Alberta,50.0194,-113.5783
ON,Ontario,43.4816,-80.408
ON,Ontario,44.9667,-75.9667
BC,British Columbia,49.6206,-125.0261
QC,Quebec,47.05,-70.9
QC,Quebec,45.7167,-75.0667
QC,Quebec,46.0833,-73.55
QC,Quebec,45.4833,-71.6667
BC,British Columbia,49.0786,-117.7992
BC,British Columbia,55.3381,-123.0944
BC,British Columbia,51.3019,-116.9667
AB,Alberta,49.4658,-112.6508
QC,Quebec,45.97,-74.33
ON,Ontario,43,-81.8917
BC,British Columbia,49.3833,-123.3833
ON,Ontario,45.5333,-77.1
NS,Nova Scotia,44.9803,-64.1292
AB,Alberta,49.4861,-113.95
NB,New Brunswick,47.2656,-65.2292
NS,Nova Scotia,45.55,-62.7
BC,British Columbia,49.1161,-117.5414
NL,Newfoundland and Labrador,49.0161,-57.605
QC,Quebec,46.2167,-70.4833
QC,Quebec,45.13,-74
AB,Alberta,49.2025,-113.3019
BC,British Columbia,49.8423,-119.6743
MB,Manitoba,49.4403,-96.9844
MB,Manitoba,49.8681,-97.3908
AB,Alberta,53.8773,-119.1199
NB,New Brunswick,47.9894,-66.7125
QC,Quebec,46.5667,-71.4333
SK,Saskatchewan,53.1089,-105.6574
ON,Ontario,45.3,-75.0833
QC,Quebec,48.55,-71.3333
NT,Northwest Territories,60.7531,-115.9004
QC,Quebec,50.5707,-73.6829
NB,New Brunswick,45.8133,-65.5747
BC,British Columbia,50.2494,-118.9656
QC,Quebec,46.0813,-74.4668
ON,Ontario,43.85,-81.25
NL,Newfoundland and Labrador,47.2458,-53.9611
QC,Quebec,47.5333,-69.8
ON,Ontario,44.1917,-80.1083
ON,Ontario,46.1833,-82.95
QC,Quebec,45.1333,-72.8
QC,Quebec,50.2333,-63.6
QC,Quebec,46.6333,-70.9667
QC,Quebec,48.12,-69.18
QC,Quebec,48.4,-64.5
ON,Ontario,46.0825,-79.3619
QC,Quebec,48.1333,-78.1333
NL,Newfoundland and Labrador,48.6597,-53.1208
MB,Manitoba,49.1775,-99.6906
MB,Manitoba,50.2408,-97.7358
NL,Newfoundland and Labrador,49.23,-55.07
QC,Quebec,45.45,-72.0833
BC,British Columbia,50.5083,-116.0303
NB,New Brunswick,46.0776,-65.1996
MB,Manitoba,51.0603,-97.1436
SK,Saskatchewan,53.3276,-105.7804
MB,Manitoba,49.9161,-97.7
QC,Quebec,45.85,-74.1333
ON,Ontario,44.9667,-78.25
MB,Manitoba,50.4222,-96.075
QC,Quebec,46.6,-70.8667
QC,Quebec,48.5333,-64.2167
QC,Quebec,47.2167,-70.2667
ON,Ontario,45.5167,-74.4667
NB,New Brunswick,46.1205,-67.0545
AB,Alberta,52.1333,-113.8667
QC,Quebec,45.5667,-74.3333
QC,Quebec,46.0667,-70.5167
QC,Quebec,45.8333,-73.35
ON,Ontario,48.75,-86.3667
QC,Quebec,48.7333,-69.0833
NT,Northwest Territories,68.3407,-133.6096
QC,Quebec,45.6667,-72.15
BC,British Columbia,48.8258,-124.0542
ON,Ontario,46.2333,-82
MB,Manitoba,51.3343,-101.2929
NS,Nova Scotia,45.6153,-61.3642
AB,Alberta,51.7072,-113.2647
MB,Manitoba,49.7414,-96.8761
QC,Quebec,48.0333,-65.25
QC,Quebec,46.0167,-73.35
QC,Quebec,45.5167,-73.1167
QC,Quebec,46.7,-71.8833
NS,Nova Scotia,45.6814,-62.7119
SK,Saskatchewan,52.85,-104.05
ON,Ontario,45.3043,-79.018
AB,Alberta,58.5169,-117.1361
AB,Alberta,53.8278,-113.3228
NL,Newfoundland and Labrador,49.0167,-55.5167
MB,Manitoba,50.2862,-98.8415
QC,Quebec,48.8333,-72.5333
QC,Quebec,46.1833,-73.7
MB,Manitoba,50.0622,-96.5161
NB,New Brunswick,48.1,-66.6167
QC,Quebec,45.3333,-72.8167
MB,Manitoba,50.2577,-96.1209
QC,Quebec,47.6833,-70.2333
MB,Manitoba,49.8508,-100.9317
QC,Quebec,45.2333,-71.8167
SK,Saskatchewan,50.4353,-104.3572
BC,British Columbia,49.9646,-119.3178
QC,Quebec,45.3333,-73.1667
NB,New Brunswick,46.4768,-64.7478
ON,Ontario,44.8539,-75.8269
QC,Quebec,45.65,-72.7667
QC,Quebec,47.55,-68.65
MB,Manitoba,49.3986,-97.4592
QC,Quebec,46.4667,-73.1333
QC,Quebec,47.0333,-70.4667
QC,Quebec,48.48,-68.42
MB,Manitoba,49.4992,-98.0008
ON,Ontario,44.625,-75.95
ON,Ontario,44.15,-80.2667
QC,Quebec,46.6667,-71.7833
NL,Newfoundland and Labrador,47.6917,-53.2167
BC,British Columbia,54.3975,-126.6419
ON,Ontario,42.95,-81.7
AB,Alberta,51.4333,-114.0333
NL,Newfoundland and Labrador,49.4974,-56.0727
AB,Alberta,49.7256,-113.3975
AB,Alberta,54.7197,-113.2856
BC,British Columbia,50.5508,-119.1397
QC,Quebec,47.1167,-70.85
ON,Ontario,46.1333,-77.55
ON,Ontario,43.95,-80.3667
QC,Quebec,48.3833,-77.2333
QC,Quebec,45.6,-73.1
ON,Ontario,45.5292,-76.8969
QC,Quebec,46.9333,-71.4667
ON,Ontario,45.6167,-77.2
NB,New Brunswick,45.4663,-66.0217
ON,Ontario,47.9931,-84.7736
QC,Quebec,46.0333,-71.8833
QC,Quebec,46.1333,-73.5167
QC,Quebec,45.45,-71.7667
ON,Ontario,45.5,-76.6667
QC,Quebec,45.2333,-73.5667
NL,Newfoundland and Labrador,49.15,-55.3667
QC,Quebec,45.4333,-72.8833
QC,Quebec,46.6833,-72.05
QC,Quebec,45.0167,-72.1
QC,Quebec,47.0167,-70.9333
QC,Quebec,48.55,-68.38
QC,Quebec,46.3,-73.3833
NU,Nunavut,62.83,-92.1321
SK,Saskatchewan,52.0073,-107.0552
BC,British Columbia,49.0853,-123.8259
BC,British Columbia,49.4589,-120.506
SK,Saskatchewan,56.4833,-109.4333
NB,New Brunswick,45.8796,-66.8695
QC,Quebec,46.7,-75.45
QC,Quebec,45.5969,-75.2433
QC,Quebec,46.05,-71.08
ON,Ontario,48.5833,-88.8333
ON,Ontario,42.8167,-82.125
QC,Quebec,46.2667,-72.8333
QC,Quebec,46.4667,-72.5333
QC,Quebec,48.05,-65.4833
QC,Quebec,46,-74.18
QC,Quebec,47.4667,-69.2167
NB,New Brunswick,46.2406,-67.6248
QC,Quebec,45.5333,-71.8
QC,Quebec,46.056,-74.0723
QC,Quebec,48.58,-72.33
QC,Quebec,58.1429,-68.3742
ON,Ontario,48.75,-91.6167
QC,Quebec,45.65,-74.6333
MB,Manitoba,49.9969,-99.3982
QC,Quebec,46.05,-73.0667
QC,Quebec,48.75,-79
AB,Alberta,51.7972,-114.6406
QC,Quebec,45.4333,-73.05
QC,Quebec,45.9,-74.13
AB,Alberta,56.1908,-117.6117
QC,Quebec,46.55,-75.35
ON,Ontario,45.9667,-81.9333
SK,Saskatchewan,55.1883,-102.9342
ON,Ontario,45.45,-80.0167
AB,Alberta,50.6881,-114.2333
QC,Quebec,46.9667,-69.7833
QC,Quebec,45.1167,-72.9833
QC,Quebec,45.7,-71.4667
QC,Quebec,45.0833,-73.3667
QC,Quebec,46.2667,-73.3833
BC,British Columbia,49.2874,-124.3433
AB,Alberta,49.7457,-112.9319
ON,Ontario,46.1667,-80.5
NU,Nunavut,61.0996,-94.1688
QC,Quebec,48.6167,-71.1167
ON,Ontario,46.4912,-80.4717
NL,Newfoundland and Labrador,47.6181,-53.3369
NB,New Brunswick,46.3406,-64.62
QC,Quebec,48.4667,-71.65
BC,British Columbia,55.6972,-121.6333
QC,Quebec,46.5333,-71.6333
QC,Quebec,45.12,-74.35
QC,Quebec,45.5667,-73.2
QC,Quebec,49.1,-66.6833
AB,Alberta,55.3508,-118.7825
QC,Quebec,46.1,-73.4333
QC,Quebec,47.3333,-79.4333
QC,Quebec,45.3,-73.68
NB,New Brunswick,47.7439,-64.7178
ON,Ontario,43.85,-80.25
BC,British Columbia,50.3203,-122.8053
SK,Saskatchewan,52.4333,-109.1667
AB,Alberta,52.6333,-114.2167
AB,Alberta,55.4325,-116.4861
AB,Alberta,50.6739,-114.2786
AB,Alberta,51.6383,-111.9419
NT,Northwest Territories,60.026,-112.0821
QC,Quebec,48.1667,-65.9833
QC,Quebec,45.1,-73.7667
ON,Ontario,45.2722,-76.8589
NS,Nova Scotia,45.0475,-64.736
QC,Quebec,45.5333,-73
NB,New Brunswick,45.8716,-66.5437
QC,Quebec,45.9,-71.35
QC,Quebec,45.95,-73.0833
SK,Saskatchewan,54.1213,-108.2837
BC,British Columbia,50.0214,-114.9158
ON,Ontario,44.9833,-79.8167
QC,Quebec,45.2333,-73.1167
QC,Quebec,48.3473,-71.6784
SK,Saskatchewan,50.142,-101.67
ON,Ontario,44.75,-78.1
QC,Quebec,46.8167,-72.5
NS,Nova Scotia,45.6193,-62.6332
QC,Quebec,52.7833,-67.0833
SK,Saskatchewan,50.65,-102.0667
QC,Quebec,45.75,-72.5
QC,Quebec,45.6667,-73.05
AB,Alberta,55.2094,-119.4292
QC,Quebec,45.25,-72.05
QC,Quebec,46.75,-71.8167
QC,Quebec,46.8,-70.75
NL,Newfoundland and Labrador,47.3833,-53.1333
QC,Quebec,46.0926,-75.9574
QC,Quebec,45.9667,-70.65
QC,Quebec,48.3667,-67.2333
QC,Quebec,45.25,-72.85
ON,Ontario,45.5,-79.2833
QC,Quebec,48.1833,-64.9667
SK,Saskatchewan,51.55,-107.9833
MB,Manitoba,50.2453,-99.8428
QC,Quebec,46.2833,-74.7333
QC,Quebec,45.08,-74.17
QC,Quebec,48.4,-71.6833
ON,Ontario,48.5333,-80.4667
QC,Quebec,46.6833,-73.9167
MB,Manitoba,49.5319,-98.07
QC,Quebec,46.15,-70.9
BC,British Columbia,50.8378,-118.9703
NB,New Brunswick,46.2172,-64.2822
MB,Manitoba,53.7356,-101.395
ON,Ontario,45.6,-77.5
ON,Ontario,42.8489,-81.9049
SK,Saskatchewan,51.8261,-106.5416
QC,Quebec,46.0516,-70.9374
SK,Saskatchewan,49.6167,-105.9833
QC,Quebec,46.7167,-79.1
AB,Alberta,49.4239,-112.8683
QC,Quebec,46.0833,-73.2167
NB,New Brunswick,46.4719,-64.7249
NB,New Brunswick,44.69,-66.82
QC,Quebec,45.6,-73.1
MB,Manitoba,49.1779,-100.0955
QC,Quebec,46.512,-71.077
QC,Quebec,46.62,-71.73
ON,Ontario,45.4,-78.75
QC,Quebec,45.5,-72.3167
NB,New Brunswick,45.2916,-66.8501
NB,New Brunswick,47.6334,-65.1803
QC,Quebec,45.5667,-72.85
BC,British Columbia,51.65,-120.0333
ON,Ontario,45,-77.25
BC,British Columbia,50.6864,-121.9364
NL,Newfoundland and Labrador,47.05,-55.18
NL,Newfoundland and Labrador,47.1,-55.7833
QC,Quebec,45.35,-73.8
NB,New Brunswick,46.1497,-66.1067
SK,Saskatchewan,52.6206,-106.3967
BC,British Columbia,50.8189,-119.6844
QC,Quebec,45.8611,-76.7392
QC,Quebec,45.7833,-73.15
SK,Saskatchewan,51.5,-107.05
MB,Manitoba,49.5363,-96.7634
QC,Quebec,45.85,-70.6333
QC,Quebec,46.1,-72.3667
NS,Nova Scotia,44.3833,-64.3167
NB,New Brunswick,47.2569,-66.2613
QC,Quebec,48.8833,-72.45
NL,Newfoundland and Labrador,51.3725,-55.5947
QC,Quebec,49.0485,-68.6814
QC,Quebec,46.2333,-73.0167
QC,Quebec,46.7667,-70.95
NL,Newfoundland and Labrador,49.6667,-54.1833
QC,Quebec,46.2167,-71.0667
NS,Nova Scotia,44.9894,-63.4736
AB,Alberta,53.25,-113.7833
BC,British Columbia,48.52,-123.5
QC,Quebec,45.3,-74.3
NL,Newfoundland and Labrador,47.63,-52.68
QC,Quebec,46.6436,-72.0236
SK,Saskatchewan,51.6339,-102.4369
NB,New Brunswick,46.5254,-66.2085
BC,British Columbia,49.3144,-122.8564
NB,New Brunswick,47.0208,-65.0302
QC,Quebec,46.27,-73.78
QC,Quebec,51.3674,-78.7069
NL,Newfoundland and Labrador,49.6444,-54.7436
NB,New Brunswick,47.5135,-67.3921
QC,Quebec,49.05,-76.9833
SK,Saskatchewan,50.4667,-104.4167
AB,Alberta,50.3494,-113.7717
QC,Quebec,46.0667,-72.8167
NL,Newfoundland and Labrador,49.15,-53.5833
NB,New Brunswick,45.1924,-66.6858
MB,Manitoba,50.9837,-98.3572
SK,Saskatchewan,52.059,-107.979
SK,Saskatchewan,53.4236,-109.7772
NB,New Brunswick,46.6221,-67.2953
NL,Newfoundland and Labrador,47.65,-52.9333
QC,Quebec,46.5167,-71.3667
QC,Quebec,46.8693,-71.3628
QC,Quebec,46.5,-71.1333
QC,Quebec,45.4833,-72.75
QC,Quebec,45.8833,-73.1667
QC,Quebec,48.5833,-71.5333
QC,Quebec,46.4,-71.0667
QC,Quebec,45.05,-74.1
QC,Quebec,45.5333,-72.05
QC,Quebec,45.6167,-75.0167
MB,Manitoba,50.3304,-100.9803
BC,British Columbia,48.7666,-123.6743
QC,Quebec,46.0667,-73.1333
ON,Ontario,45.7167,-82.2
SK,Saskatchewan,49.9167,-109.4667
NL,Newfoundland and Labrador,48.6667,-54.05
AB,Alberta,53.3703,-112.6667
ON,Ontario,44.5833,-77.5167
QC,Quebec,45.65,-72.6833
QC,Quebec,45.2,-73.2167
BC,British Columbia,50.4911,-120.8153
QC,Quebec,46.5833,-72.2
QC,Quebec,46.6333,-70.6667
NU,Nunavut,64.3287,-96.0308
BC,British Columbia,48.9504,-123.7637
NL,Newfoundland and Labrador,47.767,-52.767
QC,Quebec,46.1,-71.5667
BC,British Columbia,50.5903,-127.0847
NS,Nova Scotia,44.6222,-65.7606
QC,Quebec,47.2091,-74.3833
QC,Quebec,46.7167,-70.8833
ON,Ontario,48.1833,-89.4667
AB,Alberta,53.9489,-113.1067
QC,Quebec,47.6817,-69.625
QC,Quebec,45.6833,-73.2
QC,Quebec,46.3667,-73.35
QC,Quebec,48.1,-65.6833
ON,Ontario,42.9931,-82.4083
NB,New Brunswick,47.4321,-65.4383
QC,Quebec,45.2667,-71.9
QC,Quebec,46.33,-73.48
QC,Quebec,46.4,-75.0333
QC,Quebec,48.6686,-74.9289
SK,Saskatchewan,51.7578,-103.0008
MB,Manitoba,50.7494,-99.485
MB,Manitoba,49.1775,-100.4322
MB,Manitoba,49.6208,-99.8481
MB,Manitoba,49.1775,-100.7019
MB,Manitoba,50.7272,-101.3689
MB,Manitoba,50.3239,-101.2729
MB,Manitoba,49.6208,-100.2581
MB,Manitoba,49.975,-100.2789
MB,Manitoba,49.1775,-98.5408
MB,Manitoba,49.9156,-100.9389
MB,Manitoba,49.4436,-98.7494
MB,Manitoba,51.5364,-100.4981
MB,Manitoba,50.4847,-100.4828
MB,Manitoba,51.9978,-101.3944
MB,Manitoba,49.7094,-98.0736
MB,Manitoba,51.1547,-100.4381
MB,Manitoba,49.6653,-98.5967
MB,Manitoba,50.1964,-100.6342
MB,Manitoba,49.1333,-97.0331
MB,Manitoba,49.6653,-100.6678
MB,Manitoba,50.7272,-100.7408
MB,Manitoba,51.155,-100.7892
MB,Manitoba,49.4306,-100.3103
MB,Manitoba,49.1772,-98.8794
MB,Manitoba,51.0222,-99.4306
MB,Manitoba,49.1331,-99.2797
MB,Manitoba,51.755,-99.9664
MB,Manitoba,51.244,-99.6562
MB,Manitoba,50.8347,-101.0961
MB,Manitoba,50.5061,-99.8156
MB,Manitoba,49.665,-99.3708
MB,Manitoba,49.9308,-98.8356
MB,Manitoba,49.1331,-97.5942
MB,Manitoba,52.1433,-100.9772
NL,Newfoundland and Labrador,48.5492,-58.6236
SK,Saskatchewan,52.0134,-106.2176
QC,Quebec,45.27,-71.95
QC,Quebec,48.5,-71.7667
QC,Quebec,45.85,-72.0667
AB,Alberta,52.3539,-110.2686
NB,New Brunswick,46.6692,-65.0184
ON,Ontario,46.3167,-78.7
BC,British Columbia,55.1333,-121
QC,Quebec,45.4,-73.9833
QC,Quebec,48.7,-71.6833
AB,Alberta,49.8667,-111.3667
QC,Quebec,48.4333,-77.6333
BC,British Columbia,51.6413,-121.3127
NB,New Brunswick,47.6456,-67.3431
NL,Newfoundland and Labrador,48.7833,-54.2167
QC,Quebec,46.0167,-73.5667
ON,Ontario,46.2167,-79.1333
QC,Quebec,49.1667,-68.2
NB,New Brunswick,46.3987,-64.8681
QC,Quebec,45.1667,-73.5167
AB,Alberta,54.395,-116.8092
ON,Ontario,42.7,-82.0167
ON,Ontario,47.8333,-83.4
QC,Quebec,45.9,-73.6667
NB,New Brunswick,45.3432,-66.2868
PE,Prince Edward Island,46.1652,-62.65
QC,Quebec,48.569,-72.2495
QC,Quebec,46.0667,-72.8333
NB,New Brunswick,48.0125,-66.4208
QC,Quebec,48.45,-70.9
AB,Alberta,53.0978,-113.4728
QC,Quebec,46.3667,-70.9167
QC,Quebec,47.9167,-69.5
SK,Saskatchewan,50.6734,-104.7686
ON,Ontario,49.1333,-85.8333
ON,Ontario,43.9579,-77.3534
SK,Saskatchewan,50.2211,-107.8559
BC,British Columbia,49.1275,-125.8852
SK,Saskatchewan,50.7667,-103.7833
AB,Alberta,50.4,-113.25
SK,Saskatchewan,50.5333,-103.6667
NB,New Brunswick,47.7839,-65.7159
NL,Newfoundland and Labrador,52.9081,-66.869
QC,Quebec,48.3,-68.87
SK,Saskatchewan,51.6841,-105.4661
ON,Ontario,44.95,-76.9
QC,Quebec,46.2,-74.4667
QC,Quebec,48.35,-69.4
NB,New Brunswick,46.6189,-64.8385
QC,Quebec,45.2333,-74.3333
QC,Quebec,46.1833,-73.1333
BC,British Columbia,55.1078,-129.4293
QC,Quebec,45.1833,-72.2833
QC,Quebec,45.3167,-73.5164
QC,Quebec,45.1333,-73.2833
SK,Saskatchewan,51.2557,-102.6469
NT,Northwest Territories,62.8184,-115.9933
QC,Quebec,45.97,-71.37
QC,Quebec,45.1833,-73.4167
QC,Quebec,48.5667,-67.6833
AB,Alberta,55.0686,-117.2683
QC,Quebec,46.3833,-75.9167
QC,Quebec,45.0833,-72.3667
QC,Quebec,46.2,-73.6167
QC,Quebec,46.4,-70.35
QC,Quebec,45.3341,-72.3041
QC,Quebec,45.5667,-72.7167
QC,Quebec,46.15,-73.2333
QC,Quebec,45.2167,-73.2833
NS,Nova Scotia,44.9418,-65.0686
NB,New Brunswick,46.1301,-66.2859
SK,Saskatchewan,52.3411,-106.7733
SK,Saskatchewan,51.565,-101.8947
SK,Saskatchewan,50.6463,-104.8676
NL,Newfoundland and Labrador,48.4978,-53.086
QC,Quebec,46.8667,-70.9167
QC,Quebec,45.3833,-73.1
AB,Alberta,49.8731,-112.78
QC,Quebec,48.2479,-69.854
NB,New Brunswick,46.7048,-65.1046
NL,Newfoundland and Labrador,47.7675,-53.2411
QC,Quebec,45.9667,-73
MB,Manitoba,50.64,-97.495
QC,Quebec,46.8833,-71.0667
QC,Quebec,45.95,-70.93
NB,New Brunswick,45.074,-67.0521
BC,British Columbia,54.2292,-125.7625
QC,Quebec,60.0477,-77.2751
NB,New Brunswick,45.6417,-67.0609
QC,Quebec,45.77,-74.25
ON,Ontario,44.2,-77.05
AB,Alberta,53.7603,-112.7778
QC,Quebec,48.4333,-72.0667
QC,Quebec,45.5833,-71.5833
SK,Saskatchewan,51.7667,-104.1833
NU,Nunavut,69.1528,-105.1707
QC,Quebec,46.5667,-72.4667
ON,Ontario,44.2,-76.3833
QC,Quebec,49.7883,-75.9544
QC,Quebec,58.4824,-78.1309
MB,Manitoba,49.2069,-95.8333
ON,Ontario,42.958,-81.4001
QC,Quebec,46.1333,-70.3667
QC,Quebec,45.0833,-73.5833
NS,Nova Scotia,43.7633,-65.3236
QC,Quebec,45.35,-74.22
MB,Manitoba,49.8689,-99.3594
NB,New Brunswick,46.3316,-67.3585
NB,New Brunswick,46.3629,-64.753
BC,British Columbia,49.0953,-117.7344
NB,New Brunswick,46.1313,-67.4713
QC,Quebec,45.8833,-73.15
NL,Newfoundland and Labrador,48.5167,-58.4167
QC,Quebec,47.35,-70
BC,British Columbia,48.9358,-125.5433
QC,Quebec,45.5333,-74.2
BC,British Columbia,51.1803,-120.1261
MB,Manitoba,51.0825,-97.6611
ON,Ontario,46.05,-79.55
QC,Quebec,45.15,-73.6833
SK,Saskatchewan,49.651,-108.412
NB,New Brunswick,46.5017,-67.7067
NB,New Brunswick,46.9901,-66.4336
QC,Quebec,48.1333,-66.3167
SK,Saskatchewan,52.65,-106.3333
QC,Quebec,46.0236,-72.9391
NB,New Brunswick,47.2333,-65.05
NL,Newfoundland and Labrador,47.7086,-52.7144
NU,Nunavut,69.3817,-81.6811
MB,Manitoba,49.4065,-96.8603
BC,British Columbia,49.5886,-119.5838
QC,Quebec,46.4833,-72.9667
MB,Manitoba,49.6033,-96.7006
NB,New Brunswick,47.9667,-66.45
QC,Quebec,48.6017,-68.1227
MB,Manitoba,50.4397,-99.5389
QC,Quebec,45.2833,-73.4167
ON,Ontario,46.2833,-83.2
QC,Quebec,46.45,-72.35
MB,Manitoba,49.7981,-100.2575
QC,Quebec,45.7833,-73.1833
QC,Quebec,47.4,-69.95
QC,Quebec,45.18,-74.13
QC,Quebec,45.58,-70.83
MB,Manitoba,49.1331,-96.5158
QC,Quebec,46,-72.92
QC,Quebec,46.3167,-73.65
QC,Quebec,45.6833,-73.1833
QC,Quebec,46.0446,-73.1308
ON,Ontario,49.0153,-88.2683
QC,Quebec,48.7833,-67.7
QC,Quebec,45.7333,-72.7333
QC,Quebec,45.0467,-73.9005
NL,Newfoundland and Labrador,47.4833,-55.8333
NL,Newfoundland and Labrador,48.9372,-57.9
QC,Quebec,45.82,-74.22
SK,Saskatchewan,53.124,-109.7885
QC,Quebec,46.3667,-71.6167
MB,Manitoba,50.1964,-100.2167
SK,Saskatchewan,50.488,-104.269
MB,Manitoba,50.5563,-100.1674
PE,Prince Edward Island,46.4333,-63.65
NL,Newfoundland and Labrador,47.28,-52.83
NU,Nunavut,72.6808,-77.7503
BC,British Columbia,49.6405,-124.9406
QC,Quebec,45.9833,-72.2333
ON,Ontario,43.1036,-80.424
QC,Quebec,46.8667,-71.6167
QC,Quebec,46.0667,-70.8
BC,British Columbia,49.3008,-124.4049
ON,Ontario,48.8,-87.1
QC,Quebec,49.7819,-74.8544
QC,Quebec,45.9667,-70.8333
QC,Quebec,45.67,-72.08
ON,Ontario,46.4833,-84.0667
QC,Quebec,46.2333,-76.0167
QC,Quebec,48,-69.05
BC,British Columbia,50.2434,-117.8002
NB,New Brunswick,46.4435,-67.6152
QC,Quebec,46.6667,-71.5833
BC,British Columbia,49.9026,-119.5699
NL,Newfoundland and Labrador,49.0156,-58.1678
BC,British Columbia,54.4431,-124.2542
QC,Quebec,46.8833,-70.7167
NB,New Brunswick,47.5634,-68.3693
QC,Quebec,50.233,-66.3947
NB,New Brunswick,46.7393,-67.6984
QC,Quebec,52.3382,-75.1977
SK,Saskatchewan,53.3545,-106.2553
QC,Quebec,45.6,-76.4833
QC,Quebec,45.8667,-72.2667
QC,Quebec,45.83,-71.08
QC,Quebec,46.8667,-71.0167
QC,Quebec,46.5167,-71.6
QC,Quebec,45.6333,-74.6
QC,Quebec,49.1167,-68.4
QC,Quebec,46.1167,-73.6
QC,Quebec,45.8,-72.1833
NL,Newfoundland and Labrador,47.6472,-53.2233
NB,New Brunswick,46.9455,-65.2893
QC,Quebec,46.0833,-73.35
BC,British Columbia,50.7256,-121.2806
NL,Newfoundland and Labrador,47.5447,-53.2824
QC,Quebec,45.0833,-73.4167
NB,New Brunswick,47.9,-65.8167
QC,Quebec,45.8833,-72.7667
QC,Quebec,45.0833,-73.1333
QC,Quebec,50.2114,-66.1911
QC,Quebec,45.7833,-75.1
BC,British Columbia,49.3022,-124.4727
NB,New Brunswick,47.558,-68.3082
QC,Quebec,46.4167,-73.0333
AB,Alberta,53.8328,-113.4189
NB,New Brunswick,45.2918,-67.1983
QC,Quebec,46,-72.0833
QC,Quebec,49.75,-77.6333
NB,New Brunswick,45.7005,-65.8079
QC,Quebec,46.05,-74.7667
QC,Quebec,46.0833,-75.6167
NB,New Brunswick,45.1333,-66.8167
AB,Alberta,55.1572,-119.1392
MB,Manitoba,49.6644,-98.9153
AB,Alberta,52.1796,-113.885
QC,Quebec,47.1333,-70.7667
SK,Saskatchewan,52.851,-102.392
MB,Manitoba,50.1707,-95.9547
ON,Ontario,45.3167,-77.4
SK,Saskatchewan,49.6333,-102.2667
BC,British Columbia,49.2025,-119.8294
QC,Quebec,45.6,-71.97
BC,British Columbia,49.7769,-126.0514
QC,Quebec,46.65,-72.1333
NL,Newfoundland and Labrador,47.3158,-52.8103
SK,Saskatchewan,52.3667,-106.9667
SK,Saskatchewan,53.6052,-109.4298
NB,New Brunswick,46.8363,-67.1913
NU,Nunavut,67.8055,-115.3223
QC,Quebec,46.5333,-70.7667
NB,New Brunswick,46.0789,-67.3124
QC,Quebec,62.2013,-75.6337
NU,Nunavut,66.1436,-65.6829
QC,Quebec,45.2,-73.98
ON,Ontario,51.2722,-80.6431
ON,Ontario,47.8167,-79.8667
QC,Quebec,47.55,-70.5333
QC,Quebec,46.2667,-70.9833
NB,New Brunswick,45.4812,-65.8738
QC,Quebec,48.0167,-66.6833
NB,New Brunswick,47.1155,-67.4771
QC,Quebec,47.05,-70.85
SK,Saskatchewan,53.5445,-104.4619
QC,Quebec,45.6833,-72.5833
BC,British Columbia,50.63,-119.1314
QC,Quebec,48.0167,-69.3333
BC,British Columbia,49.3,-121.7819
QC,Quebec,48.6667,-79.2
QC,Quebec,45.1333,-73.1833
NB,New Brunswick,45.7122,-65.4719
QC,Quebec,46.3667,-70.6833
MB,Manitoba,49.6653,-101.1444
QC,Quebec,46.3,-71.65
QC,Quebec,48.72,-72.65
QC,Quebec,48.4167,-67.35
QC,Quebec,45.7333,-71.8
MB,Manitoba,49.4034,-99.6298
AB,Alberta,53.8967,-110.8972
SK,Saskatchewan,53.2167,-106.4
QC,Quebec,53.044,-78.7384
NU,Nunavut,64.2237,-76.5405
ON,Ontario,45.75,-79.4
ON,Ontario,48.5693,-89.3573
QC,Quebec,48.2333,-78.2167
QC,Quebec,45.85,-76.7333
NL,Newfoundland and Labrador,48.9833,-57.95
QC,Quebec,45.08,-74.25
SK,Saskatchewan,52.33,-109.94
ON,Ontario,45.6289,-79.3436
QC,Quebec,45.719,-72.8463
MB,Manitoba,49.9903,-97.6722
QC,Quebec,45.8873,-71.9244
QC,Quebec,47.1833,-70.2167
QC,Quebec,46.5667,-72.9167
AB,Alberta,55.9855,-113.8566
QC,Quebec,49.0667,-68.5333
QC,Quebec,46,-72.35
MB,Manitoba,53.9056,-94.9412
QC,Quebec,46.75,-72.2667
SK,Saskatchewan,54.7561,-101.8973
NL,Newfoundland and Labrador,47.0733,-55.8217
ON,Ontario,45,-77.9167
QC,Quebec,46.9167,-70.7333
QC,Quebec,46.4667,-70.8
ON,Ontario,45.6667,-79.6333
QC,Quebec,48.0167,-65.3333
SK,Saskatchewan,52.5696,-106.7312
NB,New Brunswick,45.9333,-65.1667
BC,British Columbia,49.1911,-121.7553
NB,New Brunswick,45.6387,-65.6955
SK,Saskatchewan,53.4574,-106.7768
QC,Quebec,45.85,-74.45
NB,New Brunswick,47.8,-64.8333
QC,Quebec,46.2833,-73.0333
YT,Yukon,64.0464,-139.3893
QC,Quebec,45.6333,-71.0333
QC,Quebec,46.8667,-72.4
NS,Nova Scotia,45.1422,-63.3483
BC,British Columbia,56.159,-120.6878
MB,Manitoba,49.99,-97.4592
SK,Saskatchewan,49.1308,-103.0126
NS,Nova Scotia,44.9967,-64.1634
QC,Quebec,45.4,-74.0333
MB,Manitoba,51.42,-98.3733
NB,New Brunswick,45.7848,-65.3037
AB,Alberta,53.715,-111.7461
SK,Saskatchewan,53.4435,-107.4495
AB,Alberta,53.9492,-113.595
QC,Quebec,48.2938,-79.0274
QC,Quebec,46.6667,-72.6167
QC,Quebec,45.3333,-73.9667
NB,New Brunswick,46.5221,-65.1114
MB,Manitoba,49.7678,-95.8842
MB,Manitoba,50.43,-97.7933
BC,British Columbia,49.4581,-123.2369
QC,Quebec,45.8667,-77.0667
ON,Ontario,48.6333,-93.8333
QC,Quebec,45.3167,-73.0667
QC,Quebec,47.4833,-70.3167
BC,British Columbia,49.3696,-124.5772
QC,Quebec,49.05,-68.4333
ON,Ontario,49.2833,-81.6333
SK,Saskatchewan,49.2333,-102.1667
BC,British Columbia,54.6972,-127.05
NU,Nunavut,68.6448,-95.8912
QC,Quebec,45.1667,-74.2
AB,Alberta,53.9503,-115.1336
QC,Quebec,47.67,-68.98
MB,Manitoba,50.5661,-96.1981
NL,Newfoundland and Labrador,49.9167,-56.1833
QC,Quebec,45.2333,-73.5167
NB,New Brunswick,48,-66.32
NB,New Brunswick,45.9052,-64.7652
AB,Alberta,53.8042,-112.9278
NL,Newfoundland and Labrador,47.6,-57.6333
SK,Saskatchewan,51.9458,-103.8014
NB,New Brunswick,46.0776,-67.7248
AB,Alberta,54.7106,-115.4133
SK,Saskatchewan,52.4167,-108.7
NB,New Brunswick,47.1625,-67.925
QC,Quebec,47.4333,-69.05
QC,Quebec,45.0667,-73.3
SK,Saskatchewan,55.45,-107.8833
MB,Manitoba,49.6711,-96.8179
QC,Quebec,45.8,-72.8667
ON,Ontario,46.1,-79.2333
QC,Quebec,46.1733,-72.1415
QC,Quebec,46.15,-74.7
QC,Quebec,46.0667,-72.1
BC,British Columbia,50.8832,-119.4782
NB,New Brunswick,47.7925,-64.6532
ON,Ontario,46.25,-83.55
QC,Quebec,47.4,-70.3833
AB,Alberta,49.8822,-113.0531
QC,Quebec,48.45,-71.5167
SK,Saskatchewan,50.5389,-104.0141
MB,Manitoba,49.975,-99.8658
QC,Quebec,47.3613,-79.3382
ON,Ontario,43.5441,-80.4997
NB,New Brunswick,45.5083,-65.6618
ON,Ontario,46.3422,-80.4497
QC,Quebec,46.13,-74.18
QC,Quebec,45.9333,-73.6167
MB,Manitoba,56.3472,-94.7078
QC,Quebec,45.5667,-72.5167
MB,Manitoba,49.1775,-97.3247
QC,Quebec,45.65,-76.5167
SK,Saskatchewan,53.5455,-108.8762
QC,Quebec,45.75,-70.7
MB,Manitoba,50.6389,-98.0417
QC,Quebec,47.9167,-69.4333
QC,Quebec,45.5,-72.25
QC,Quebec,45.9333,-72.5833
QC,Quebec,46.55,-73.8167
QC,Quebec,45.0333,-73.05
QC,Quebec,46.5667,-71.8333
MB,Manitoba,50.9794,-99.0796
QC,Quebec,48.0609,-66.7491
AB,Alberta,51.9306,-114.0256
ON,Ontario,46.2667,-84
SK,Saskatchewan,52.37,-106.54
QC,Quebec,47.8167,-69.15
QC,Quebec,45.7667,-72.9833
NL,Newfoundland and Labrador,47.5685,-53.5471
QC,Quebec,46.25,-74.9333
SK,Saskatchewan,51.85,-105.0333
SK,Saskatchewan,50.1965,-104.2507
ON,Ontario,49.35,-82.15
QC,Quebec,46.1833,-70.7167
QC,Quebec,46.7167,-72.0833
QC,Quebec,46.5,-72.2
MB,Manitoba,50.9075,-97.2182
AB,Alberta,50.0689,-112.0975
ON,Ontario,43.5615,-81.6983
SK,Saskatchewan,54.3531,-109.5575
AB,Alberta,51.3189,-113.6106
QC,Quebec,48.6667,-71.5333
NB,New Brunswick,47.6912,-65.29
QC,Quebec,47.9219,-73.7872
QC,Quebec,46.55,-70.9833
QC,Quebec,48.2333,-70.2
AB,Alberta,50.7833,-112.4667
NS,Nova Scotia,45.3998,-64.3312
BC,British Columbia,49.3926,-119.5955
NL,Newfoundland and Labrador,48.4275,-58.4778
NT,Northwest Territories,61.8082,-121.3199
QC,Quebec,45.0155,-74.5769
QC,Quebec,45.7667,-72.3
ON,Ontario,49.4167,-91.6667
ON,Ontario,43.9741,-79.1316
MB,Manitoba,50.3858,-97.2611
NB,New Brunswick,46.4058,-67.5278
NB,New Brunswick,45.1836,-66.3514
QC,Quebec,47.7667,-69.6167
NL,Newfoundland and Labrador,46.9244,-55.3928
NS,Nova Scotia,45.7306,-63.8733
MB,Manitoba,50.2406,-99.8056
NL,Newfoundland and Labrador,47.8753,-55.8414
NB,New Brunswick,45.3822,-67.3427
QC,Quebec,46.1,-71.8167
AB,Alberta,56.9142,-117.6272
MB,Manitoba,50.4163,-99.2097
QC,Quebec,47.5667,-70.4
QC,Quebec,48.0667,-65.5667
QC,Quebec,46.4,-72.8833
QC,Quebec,48.9,-67.3333
MB,Manitoba,49.2668,-101.1124
NB,New Brunswick,45.9918,-67.0632
QC,Quebec,45.4667,-71.5
QC,Quebec,48.25,-72.18
QC,Quebec,46.65,-70.8
QC,Quebec,47.88,-68.72
QC,Quebec,45.45,-72.5333
MB,Manitoba,49.4403,-96.9844
QC,Quebec,46.6167,-75.9
QC,Quebec,48.4209,-68.1791
ON,Ontario,47.7083,-79.825
NB,New Brunswick,46.7167,-65.4167
SK,Saskatchewan,50.8333,-101.7
QC,Quebec,45.9333,-73.5
SK,Saskatchewan,50.4433,-105.5091
QC,Quebec,47.9,-69.0167
SK,Saskatchewan,53.092,-109.294
QC,Quebec,45.1833,-73.85
SK,Saskatchewan,52.7343,-108.4452
PE,Prince Edward Island,46.318,-63.237
NB,New Brunswick,45.5944,-67.3258
QC,Quebec,46.4167,-70.8833
QC,Quebec,45.22,-73.73
NL,Newfoundland and Labrador,48.9879,-53.9069
PE,Prince Edward Island,46.8167,-64.0667
MB,Manitoba,50.5058,-96.9742
QC,Quebec,46.3833,-71.4167
BC,British Columbia,49.1942,-117.2778
SK,Saskatchewan,50.1015,-102.6324
ON,Ontario,46.1529,-82.2072
QC,Quebec,48.65,-78.3167
ON,Ontario,44.4793,-81.1445
QC,Quebec,49.2167,-65.1333
NB,New Brunswick,47.7622,-65.0686
NB,New Brunswick,47.1725,-65.5551
QC,Quebec,47.4397,-69.8586
NB,New Brunswick,45.4563,-65.4395
QC,Quebec,45.8,-72.7
QC,Quebec,48.1167,-69.1667
NB,New Brunswick,47.1392,-67.7444
NS,Nova Scotia,45.13,-64.5224
MB,Manitoba,49.3547,-97.8997
QC,Quebec,46.4833,-70.6167
QC,Quebec,47.8333,-69.4
SK,Saskatchewan,49.167,-101.783
ON,Ontario,45.4333,-80.2167
AB,Alberta,52.3622,-114.3614
NL,Newfoundland and Labrador,56.5422,-61.6928
ON,Ontario,43.7914,-80.1354
SK,Saskatchewan,51.65,-103.5333
QC,Quebec,45.2333,-73.0167
QC,Quebec,49.2333,-65.7333
QC,Quebec,51.4167,-57.1333
ON,Ontario,47.4,-79.6833
SK,Saskatchewan,49.874,-106.555
ON,Ontario,45.8417,-79.375
SK,Saskatchewan,53.0295,-102.3122
ON,Ontario,45.4833,-79.85
QC,Quebec,45.0461,-72.8106
SK,Saskatchewan,55.8769,-108.5244
QC,Quebec,45.1667,-72.05
QC,Quebec,49,-66.9833
QC,Quebec,46.5167,-70.9333
QC,Quebec,45.6667,-71.9833
SK,Saskatchewan,55.0872,-105.3318
NB,New Brunswick,46.171,-65.884
QC,Quebec,49,-72.55
QC,Quebec,47.4667,-79.4333
SK,Saskatchewan,50.4167,-102.9167
NB,New Brunswick,45.9016,-64.5161
ON,Ontario,45.4967,-78.0239
BC,British Columbia,50.4856,-115.9948
QC,Quebec,46.4833,-71.2333
QC,Quebec,48.7,-67.3833
QC,Quebec,48.8575,-72.0939
QC,Quebec,45.6167,-75.1167
QC,Quebec,45.5521,-72.5265
SK,Saskatchewan,52.8277,-105.7873
BC,British Columbia,48.8562,-124.1731
AB,Alberta,50.7333,-111.9
QC,Quebec,46.3,-70.9667
AB,Alberta,53.0953,-111.7769
ON,Ontario,49.4,-94.08
AB,Alberta,54.1417,-115.6833
NU,Nunavut,66.5628,-86.3186
QC,Quebec,45.63,-73.52
ON,Ontario,44.0463,-79.6044
SK,Saskatchewan,50.79,-104.99
QC,Quebec,46.4167,-71.2333
BC,British Columbia,49.2916,-117.6323
ON,Ontario,43.4345,-81.504
AB,Alberta,52.4667,-114.05
NB,New Brunswick,47.7631,-66.0849
QC,Quebec,45.4,-74.3
QC,Quebec,47.6,-79.4833
SK,Saskatchewan,55.5136,-106.5986
QC,Quebec,47.6833,-70.3
QC,Quebec,45.72,-70.85
SK,Saskatchewan,51.958,-102.6673
SK,Saskatchewan,49.8044,-109.6508
NL,Newfoundland and Labrador,47.4337,-53.1458
QC,Quebec,46.1667,-72.3333
SK,Saskatchewan,49.6535,-103.8348
SK,Saskatchewan,52.9833,-105.4333
NS,Nova Scotia,43.7323,-65.9797
SK,Saskatchewan,51.92,-109.1272
NB,New Brunswick,45.9523,-65.3885
SK,Saskatchewan,51.15,-108.75
QC,Quebec,46.5333,-72.3333
QC,Quebec,46.25,-73.0833
QC,Quebec,46.1667,-73.3167
ON,Ontario,48.8167,-87.2667
AB,Alberta,51.8236,-113.2328
NB,New Brunswick,46.1145,-63.9804
QC,Quebec,47.4333,-70.0167
NB,New Brunswick,45.5112,-66.1229
QC,Quebec,45.3167,-72.4167
QC,Quebec,45.0667,-73.25
QC,Quebec,48.4167,-64.4167
ON,Ontario,45.7303,-76.8559
QC,Quebec,48.4167,-71.95
NU,Nunavut,70.4632,-68.4822
QC,Quebec,46.3667,-74.7667
PE,Prince Edward Island,46.3554,-62.2542
SK,Saskatchewan,51.4894,-109.0979
ON,Ontario,46.3833,-84.0667
AB,Alberta,55.7372,-117.2014
QC,Quebec,46.8833,-70.8167
QC,Quebec,45.9649,-71.3734
MB,Manitoba,49.2681,-100.9958
NB,New Brunswick,45.9544,-66.4868
QC,Quebec,46.85,-71.1333
SK,Saskatchewan,51.9254,-107.1333
QC,Quebec,45.5333,-76.4667
NS,Nova Scotia,44.4489,-64.3819
SK,Saskatchewan,52.65,-106.6167
QC,Quebec,46.3667,-71.2333
NU,Nunavut,69.5554,-93.4972
AB,Alberta,53.7011,-114.1981
QC,Quebec,46.6167,-72.4
PE,Prince Edward Island,46.5,-63.6667
ON,Ontario,45.5321,-74.9956
QC,Quebec,48.55,-69.25
MB,Manitoba,49.3697,-99.1506
SK,Saskatchewan,51.2667,-105.9667
NB,New Brunswick,46.8833,-67.3833
NB,New Brunswick,46.3463,-67.7099
BC,British Columbia,52.8284,-119.2659
QC,Quebec,46.8833,-71.9167
AB,Alberta,53.6767,-114.35
QC,Quebec,48.28,-68.43
QC,Quebec,45.9667,-72.6833
SK,Saskatchewan,50.9386,-104.6913
ON,Ontario,46.3,-78.7333
ON,Ontario,45.7333,-81.8
QC,Quebec,46.0667,-74.6667
BC,British Columbia,56.0316,-121.9057
ON,Ontario,46.5333,-84.5
QC,Quebec,46.13,-72.72
QC,Quebec,45.6667,-72.3333
QC,Quebec,45.58,-72.17
SK,Saskatchewan,53.2881,-104.0544
SK,Saskatchewan,52.9596,-106.2089
AB,Alberta,51.3522,-110.4739
